{
  "categories": [
    {
      "name": "96 Exit",
      "subcategories": [
        {
          "name": "Any%",
          "runs": [
            {
              "rank": 1,
              "player": "PlayerA",
              "time": "1h 20m 00s",
              "date": "2 years ago",
              "platform": "SNES"
            },
            {
              "rank": 2,
              "player": "PlayerB",
              "time": "1h 21m 00s",
              "date": "1 year ago",
              "platform": "SNES Classic"
            }
          ]
        }
      ]
    },
    {
      "name": "All Castles",
      "subcategories": [
        {
          "name": "No Cape",
          "runs": [
            {
              "rank": 1,
              "player": "PlayerC",
              "time": "2h 00m 00s",
              "date": "6 months ago",
              "platform": "SNES"
            },
            {
              "rank": 2,
              "player": "PlayerD",
              "time": "2h 05m 00s",
              "date": "3 months ago",
              "platform": "WiiVC"
            }
          ]
        }
      ]
    }
  ]
}

